{"stats":{"minecraft:crafted":{"minecraft:wooden_shovel":1,"minecraft:stone_shovel":3,"minecraft:crafting_table":1,"minecraft:stick":16,"minecraft:spruce_planks":28,"minecraft:iron_pickaxe":1,"minecraft:wooden_pickaxe":1,"minecraft:stone_sword":1,"minecraft:sandstone":16,"minecraft:spruce_boat":1,"minecraft:stone_axe":1},"minecraft:mined":{"minecraft:spruce_log":13,"minecraft:andesite":1,"minecraft:crafting_table":4,"minecraft:short_grass":3,"minecraft:grass_block":2,"minecraft:coal_ore":19,"minecraft:sand":247,"minecraft:dirt":4,"minecraft:spruce_leaves":4,"minecraft:stone":8,"minecraft:sandstone":27},"minecraft:used":{"minecraft:spruce_boat":1,"minecraft:stone_sword":8,"minecraft:chicken":4,"minecraft:stone_shovel":241,"minecraft:iron_pickaxe":62,"minecraft:sandstone":11,"minecraft:stone_axe":10,"minecraft:dirt":5,"minecraft:crafting_table":4,"minecraft:experience_bottle":1},"minecraft:dropped":{"minecraft:wooden_shovel":2,"minecraft:sandstone":6,"minecraft:spruce_sapling":1},"minecraft:picked_up":{"minecraft:stick":2,"minecraft:crafting_table":5,"minecraft:sandstone":27,"minecraft:feather":2,"minecraft:chicken":4,"minecraft:andesite":1,"minecraft:wooden_pickaxe":1,"minecraft:filled_map":1,"minecraft:porkchop":2,"minecraft:sand":438,"minecraft:spruce_sapling":2,"minecraft:spruce_log":12,"minecraft:map":1,"minecraft:dirt":6,"minecraft:paper":7,"minecraft:stone_shovel":2,"minecraft:spruce_boat":1,"minecraft:stone_axe":1,"minecraft:spruce_planks":12,"minecraft:iron_ingot":2,"minecraft:iron_nugget":8,"minecraft:emerald":5,"minecraft:wooden_shovel":3,"minecraft:iron_pickaxe":1,"minecraft:mutton":4,"minecraft:coal":19,"minecraft:white_wool":4,"minecraft:cobblestone":8},"minecraft:killed":{"minecraft:sheep":4,"minecraft:pig":1,"minecraft:chicken":4},"minecraft:broken":{"minecraft:stone_shovel":1},"minecraft:custom":{"minecraft:time_since_rest":689,"minecraft:sprint_one_cm":28915,"minecraft:damage_taken":587,"minecraft:walk_one_cm":41796,"minecraft:mob_kills":9,"minecraft:drop":4,"minecraft:damage_dealt":649,"minecraft:fly_one_cm":24899,"minecraft:swim_one_cm":48590,"minecraft:interact_with_crafting_table":8,"minecraft:open_chest":2,"minecraft:crouch_one_cm":1167,"minecraft:play_time":28718,"minecraft:deaths":2,"minecraft:sneak_time":2469,"minecraft:walk_under_water_one_cm":55135,"minecraft:boat_one_cm":162188,"minecraft:jump":255,"minecraft:walk_on_water_one_cm":24000,"minecraft:time_since_death":650,"minecraft:total_world_time":28718,"minecraft:fall_one_cm":6467}},"DataVersion":3955}