{"stats":{"minecraft:crafted":{"minecraft:wooden_sword":1,"minecraft:wooden_shovel":1,"minecraft:stone_shovel":3,"minecraft:crafting_table":3,"minecraft:spruce_planks":76,"minecraft:wooden_pickaxe":1,"minecraft:stone_axe":1,"minecraft:stick":20,"minecraft:iron_pickaxe":1,"minecraft:stone_sword":1,"minecraft:sandstone":16,"minecraft:spruce_boat":3},"minecraft:mined":{"minecraft:brown_mushroom":1,"minecraft:crafting_table":7,"minecraft:short_grass":8,"minecraft:grass_block":2,"minecraft:tall_grass":2,"minecraft:spruce_leaves":4,"minecraft:sandstone":27,"minecraft:spruce_log":19,"minecraft:andesite":1,"minecraft:coal_ore":19,"minecraft:dirt":4,"minecraft:sand":247,"minecraft:stone":8},"minecraft:used":{"minecraft:stone_sword":8,"minecraft:stone_shovel":241,"minecraft:sandstone":11,"minecraft:dirt":5,"minecraft:crafting_table":7,"minecraft:spruce_boat":3,"minecraft:chicken":4,"minecraft:iron_pickaxe":62,"minecraft:stone_axe":10,"minecraft:wooden_sword":29,"minecraft:porkchop":4,"minecraft:experience_bottle":1},"minecraft:dropped":{"minecraft:wooden_shovel":2,"minecraft:sandstone":6,"minecraft:sand":1,"minecraft:spruce_sapling":2},"minecraft:picked_up":{"minecraft:crafting_table":8,"minecraft:feather":2,"minecraft:chicken":4,"minecraft:andesite":1,"minecraft:brown_mushroom":1,"minecraft:wooden_pickaxe":1,"minecraft:filled_map":1,"minecraft:map":1,"minecraft:dirt":6,"minecraft:paper":7,"minecraft:spruce_planks":12,"minecraft:iron_ingot":2,"minecraft:wooden_shovel":3,"minecraft:iron_nugget":8,"minecraft:iron_pickaxe":1,"minecraft:egg":1,"minecraft:stick":2,"minecraft:sandstone":27,"minecraft:sand":439,"minecraft:porkchop":8,"minecraft:spruce_sapling":3,"minecraft:spruce_log":19,"minecraft:stone_shovel":2,"minecraft:stone_axe":1,"minecraft:spruce_boat":2,"minecraft:emerald":5,"minecraft:mutton":8,"minecraft:coal":19,"minecraft:white_wool":7,"minecraft:cobblestone":8},"minecraft:killed_by":{"minecraft:drowned":1},"minecraft:killed":{"minecraft:pig":5,"minecraft:sheep":7,"minecraft:chicken":4},"minecraft:broken":{"minecraft:stone_shovel":1},"minecraft:custom":{"minecraft:mob_kills":16,"minecraft:interact_with_crafting_table":11,"minecraft:leave_game":1,"minecraft:time_since_death":5599,"minecraft:time_since_rest":5628,"minecraft:sprint_one_cm":58660,"minecraft:damage_taken":1067,"minecraft:walk_one_cm":63741,"minecraft:drop":6,"minecraft:damage_dealt":1289,"minecraft:swim_one_cm":66465,"minecraft:fly_one_cm":46079,"minecraft:open_chest":3,"minecraft:crouch_one_cm":1449,"minecraft:play_time":42182,"minecraft:deaths":3,"minecraft:walk_under_water_one_cm":64321,"minecraft:sneak_time":2530,"minecraft:boat_one_cm":420623,"minecraft:jump":357,"minecraft:walk_on_water_one_cm":28650,"minecraft:total_world_time":42182,"minecraft:fall_one_cm":12324}},"DataVersion":3955}