{"stats":{"minecraft:crafted":{"minecraft:wooden_shovel":1,"minecraft:stone_shovel":3,"minecraft:crafting_table":1,"minecraft:stick":16,"minecraft:spruce_planks":28,"minecraft:iron_pickaxe":1,"minecraft:wooden_pickaxe":1,"minecraft:stone_axe":1},"minecraft:mined":{"minecraft:spruce_log":7,"minecraft:andesite":1,"minecraft:crafting_table":2,"minecraft:grass_block":1,"minecraft:sand":233,"minecraft:dirt":4,"minecraft:spruce_leaves":2,"minecraft:stone":6,"minecraft:sandstone":27},"minecraft:used":{"minecraft:chicken":2,"minecraft:stone_shovel":226,"minecraft:iron_pickaxe":40,"minecraft:stone_axe":2,"minecraft:dirt":5,"minecraft:crafting_table":2,"minecraft:experience_bottle":1},"minecraft:dropped":{"minecraft:wooden_shovel":2},"minecraft:picked_up":{"minecraft:crafting_table":2,"minecraft:sandstone":21,"minecraft:feather":2,"minecraft:chicken":2,"minecraft:sand":229,"minecraft:spruce_log":7,"minecraft:dirt":5,"minecraft:wooden_shovel":2,"minecraft:cobblestone":6},"minecraft:killed":{"minecraft:chicken":2},"minecraft:broken":{"minecraft:stone_shovel":1},"minecraft:custom":{"minecraft:time_since_rest":16718,"minecraft:sprint_one_cm":16888,"minecraft:damage_taken":120,"minecraft:walk_one_cm":21028,"minecraft:mob_kills":2,"minecraft:drop":2,"minecraft:damage_dealt":114,"minecraft:fly_one_cm":13111,"minecraft:swim_one_cm":40863,"minecraft:interact_with_crafting_table":6,"minecraft:open_chest":2,"minecraft:play_time":16718,"minecraft:sneak_time":1797,"minecraft:walk_under_water_one_cm":34612,"minecraft:jump":146,"minecraft:walk_on_water_one_cm":17584,"minecraft:time_since_death":16718,"minecraft:total_world_time":16718,"minecraft:fall_one_cm":1579}},"DataVersion":3955}