{"stats":{"minecraft:crafted":{"minecraft:crafting_table":1,"minecraft:spruce_planks":28,"minecraft:stick":8,"minecraft:wooden_pickaxe":1},"minecraft:mined":{"minecraft:spruce_log":7,"minecraft:spruce_leaves":2,"minecraft:crafting_table":1},"minecraft:used":{"minecraft:crafting_table":1,"minecraft:chicken":2},"minecraft:picked_up":{"minecraft:crafting_table":1,"minecraft:feather":2,"minecraft:chicken":2,"minecraft:spruce_log":7},"minecraft:killed":{"minecraft:chicken":2},"minecraft:custom":{"minecraft:open_chest":2,"minecraft:time_since_rest":4718,"minecraft:play_time":4718,"minecraft:sprint_one_cm":9203,"minecraft:damage_taken":90,"minecraft:walk_one_cm":9167,"minecraft:sneak_time":5,"minecraft:walk_under_water_one_cm":3689,"minecraft:mob_kills":2,"minecraft:jump":70,"minecraft:damage_dealt":114,"minecraft:time_since_death":4718,"minecraft:walk_on_water_one_cm":3147,"minecraft:total_world_time":4718,"minecraft:swim_one_cm":24057,"minecraft:fall_one_cm":1312,"minecraft:interact_with_crafting_table":1,"minecraft:fly_one_cm":10462}},"DataVersion":3955}