{"stats":{"minecraft:crafted":{"minecraft:crafting_table":1,"minecraft:spruce_planks":36,"minecraft:stick":8,"minecraft:wooden_pickaxe":1,"minecraft:stone_pickaxe":1,"minecraft:stone_sword":1,"minecraft:spruce_door":3,"minecraft:furnace":1,"minecraft:stone_axe":1,"minecraft:air":0,"minecraft:cooked_mutton":16,"minecraft:smoker":1},"minecraft:mined":{"minecraft:furnace":1,"minecraft:iron_ore":10,"minecraft:smoker":1,"minecraft:spruce_log":9,"minecraft:spruce_door":1,"minecraft:crafting_table":4,"minecraft:short_grass":2,"minecraft:oak_log":4,"minecraft:coal_ore":8,"minecraft:spruce_leaves":4,"minecraft:stone":19,"minecraft:oak_leaves":3},"minecraft:used":{"minecraft:cooked_mutton":2,"minecraft:spruce_door":1,"minecraft:stone_pickaxe":31,"minecraft:spruce_planks":3,"minecraft:wooden_pickaxe":8,"minecraft:stone_axe":31,"minecraft:cobblestone":1,"minecraft:mutton":2,"minecraft:crafting_table":4,"minecraft:furnace":1,"minecraft:smoker":1},"minecraft:picked_up":{"minecraft:crafting_table":4,"minecraft:raw_iron":10,"minecraft:smoker":1,"minecraft:oak_log":4,"minecraft:spruce_log":9,"minecraft:spruce_door":1,"minecraft:black_wool":1,"minecraft:mutton":22,"minecraft:coal":9,"minecraft:white_wool":13,"minecraft:cobblestone":19,"minecraft:furnace":1},"minecraft:killed":{"minecraft:sheep":11},"minecraft:custom":{"minecraft:time_since_rest":16290,"minecraft:interact_with_furnace":1,"minecraft:sprint_one_cm":65122,"minecraft:damage_taken":44,"minecraft:walk_one_cm":18365,"minecraft:mob_kills":11,"minecraft:damage_dealt":1027,"minecraft:swim_one_cm":14078,"minecraft:interact_with_crafting_table":7,"minecraft:fly_one_cm":146072,"minecraft:open_chest":2,"minecraft:crouch_one_cm":31,"minecraft:play_time":16290,"minecraft:sneak_time":307,"minecraft:walk_under_water_one_cm":5126,"minecraft:jump":529,"minecraft:time_since_death":16290,"minecraft:walk_on_water_one_cm":953,"minecraft:interact_with_smoker":8,"minecraft:total_world_time":16290,"minecraft:fall_one_cm":12451}},"DataVersion":3955}