{"stats":{"minecraft:crafted":{"minecraft:oak_planks":24,"minecraft:crafting_table":1,"minecraft:spruce_planks":36,"minecraft:wooden_pickaxe":1,"minecraft:spruce_door":3,"minecraft:furnace":2,"minecraft:stone_axe":1,"minecraft:cooked_mutton":16,"minecraft:air":0,"minecraft:stick":12,"minecraft:iron_ingot":10,"minecraft:iron_pickaxe":1,"minecraft:stone_pickaxe":1,"minecraft:stone_sword":1,"minecraft:chest":2,"minecraft:smoker":1},"minecraft:mined":{"minecraft:smoker":1,"minecraft:spruce_door":1,"minecraft:crafting_table":4,"minecraft:short_grass":2,"minecraft:grass_block":2,"minecraft:copper_ore":12,"minecraft:spruce_leaves":4,"minecraft:sugar_cane":4,"minecraft:furnace":1,"minecraft:carrots":1,"minecraft:iron_ore":10,"minecraft:wheat":3,"minecraft:spruce_log":9,"minecraft:coal_ore":8,"minecraft:potatoes":14,"minecraft:oak_log":10,"minecraft:dirt":1,"minecraft:packed_ice":1,"minecraft:stone":179,"minecraft:oak_leaves":5},"minecraft:used":{"minecraft:cooked_mutton":5,"minecraft:spruce_door":1,"minecraft:stone_pickaxe":39,"minecraft:spruce_planks":3,"minecraft:chest":2,"minecraft:wooden_pickaxe":8,"minecraft:dirt":2,"minecraft:mutton":2,"minecraft:crafting_table":5,"minecraft:smoker":1,"minecraft:iron_pickaxe":167,"minecraft:stone_axe":47,"minecraft:cobblestone":1,"minecraft:furnace":2,"minecraft:oak_sapling":1},"minecraft:dropped":{"minecraft:wheat_seeds":3},"minecraft:picked_up":{"minecraft:crafting_table":4,"minecraft:smoker":1,"minecraft:potato":14,"minecraft:oak_log":10,"minecraft:dirt":3,"minecraft:raw_copper":37,"minecraft:wheat_seeds":3,"minecraft:sugar_cane":8,"minecraft:furnace":1,"minecraft:raw_iron":10,"minecraft:spruce_log":9,"minecraft:carrot":1,"minecraft:spruce_door":1,"minecraft:oak_sapling":1,"minecraft:black_wool":1,"minecraft:mutton":22,"minecraft:coal":9,"minecraft:cobblestone":179,"minecraft:white_wool":13},"minecraft:killed":{"minecraft:sheep":11,"minecraft:zombie":1},"minecraft:custom":{"minecraft:interact_with_furnace":4,"minecraft:mob_kills":12,"minecraft:interact_with_crafting_table":12,"minecraft:open_barrel":5,"minecraft:time_since_death":28290,"minecraft:sleep_in_bed":1,"minecraft:time_since_rest":9690,"minecraft:sprint_one_cm":119890,"minecraft:damage_taken":209,"minecraft:walk_one_cm":43269,"minecraft:drop":1,"minecraft:damage_dealt":1350,"minecraft:swim_one_cm":14078,"minecraft:fly_one_cm":219125,"minecraft:open_chest":8,"minecraft:crouch_one_cm":31,"minecraft:play_time":28290,"minecraft:sneak_time":307,"minecraft:walk_under_water_one_cm":5126,"minecraft:jump":852,"minecraft:walk_on_water_one_cm":953,"minecraft:total_world_time":28290,"minecraft:interact_with_smoker":8,"minecraft:fall_one_cm":20908}},"DataVersion":3955}