{"stats":{"minecraft:crafted":{"minecraft:stone_sword":1,"minecraft:spruce_door":3,"minecraft:stone_axe":1,"minecraft:crafting_table":1,"minecraft:spruce_planks":36,"minecraft:stick":8,"minecraft:stone_pickaxe":1,"minecraft:wooden_pickaxe":1},"minecraft:mined":{"minecraft:spruce_leaves":4,"minecraft:spruce_log":9,"minecraft:stone":8,"minecraft:crafting_table":2},"minecraft:used":{"minecraft:stone_axe":7,"minecraft:crafting_table":3,"minecraft:wooden_pickaxe":8},"minecraft:picked_up":{"minecraft:crafting_table":2,"minecraft:spruce_log":9,"minecraft:mutton":6,"minecraft:white_wool":3,"minecraft:cobblestone":8},"minecraft:custom":{"minecraft:time_since_rest":4290,"minecraft:play_time":4290,"minecraft:sprint_one_cm":17617,"minecraft:damage_taken":44,"minecraft:walk_one_cm":5693,"minecraft:sneak_time":38,"minecraft:walk_under_water_one_cm":1697,"minecraft:jump":70,"minecraft:damage_dealt":90,"minecraft:walk_on_water_one_cm":219,"minecraft:time_since_death":4290,"minecraft:total_world_time":4290,"minecraft:fall_one_cm":2392,"minecraft:interact_with_crafting_table":5,"minecraft:fly_one_cm":12542}},"DataVersion":3955}